https://www.youtube.com/watch?v=s8JvbXlGUw0,Rongunshu,Clairen,Squanto,Ranno,LACS Rivals,Winners Quarters,
https://www.youtube.com/watch?v=58hsnvx-IBI,Luck,Ranno,Plup,Maypul,LACS Rivals,Round of 16,
https://www.youtube.com/watch?v=502msfSy2og,CakeAssault,Fleet,ZeeBee,Kragg,LACS Rivals,Grand Finals,
https://www.youtube.com/watch?v=s2mVpvoS8CY,Marlon,Wrastor,Rongunshu,Clairen,Coinbox,Grand Finals,
https://www.youtube.com/watch?v=Rc3-Rakty18,Chag,Maypul,Jules,Orcane,First Attack 2024,Grand Finals,
https://www.youtube.com/watch?v=-2iQFxpZt1g,Ralph,Maypul,ApolloKage,Fleet,WTT 2023 Quarterfinals,,2023-12-08 19:22:41+00:00
https://www.youtube.com/watch?v=W33G5Ou1fkg,Dabuz,Fleet,watch,Kragg,WTT 2023 Quarterfinals,,2023-12-08 19:30:16+00:00
https://www.youtube.com/watch?v=ajR3c3lwah0,Dabuz,Fleet,Ralph,Maypul,WTT 2023 Semifinals,,2023-12-08 19:41:23+00:00
https://www.youtube.com/watch?v=zHqZYONpKPY,elkiies,Maypul,MkLeo,Ranno,WTT 2023 Semifinals,,2023-12-08 19:59:59+00:00
https://www.youtube.com/watch?v=yMTr9F1N7bo,RiDEL Castro,Loxodont,Stango,Zetterburn,Supernova 2024,,2024-08-10 16:40:58+00:00
https://www.youtube.com/watch?v=oKC_xM9BMVw,RiDEL Castro,Loxodont,MkLeo,Fleet,Supernova 2024,,2024-08-10 16:42:02+00:00
https://www.youtube.com/watch?v=fq5IQlyIVEQ,Lord Bagel,Loxodont,Lucius,Ranno,Supernova 2024,,2024-08-10 16:42:44+00:00
https://www.youtube.com/watch?v=CttD9abDAuk,Skyjay,Fleet,ZeeBee,Kragg,Supernova 2024 Winners Quarters,,2024-08-10 16:59:15+00:00
https://www.youtube.com/watch?v=M15mTTZkXmo,SolarBeam,Loxodont,CakeAssault,Fleet,Supernova 2024 Winners Quarters,,2024-08-10 17:00:33+00:00
https://www.youtube.com/watch?v=KCXFCfqLL7w,Switch,Maypul,Stango,Zetterburn,Supernova 2024 Winners Semis,,2024-08-10 17:29:36+00:00
https://www.youtube.com/watch?v=EEOb1xmiNRo,Ant,Fleet,Codek,Ranno,Supernova 2024 Top 8,,2024-08-10 18:32:01+00:00
https://www.youtube.com/watch?v=aUjO6fAKcZA,Zeebee,Kragg,CakeAssault,Fleet,Supernova 2024 Winners Semis,,2024-08-10 18:36:37+00:00
https://www.youtube.com/watch?v=_n_9oIQTpJ0,Ant,Fleet,ZeeBee,Kragg,Supernova 2024 Losers Quarters,,2024-08-10 18:40:06+00:00
https://www.youtube.com/watch?v=elgaJ2UR_3U,Stango,Clairen,CakeAssault,Fleet,Supernova 2024 Winners Finals,,2024-08-11 19:21:01+00:00
https://www.youtube.com/watch?v=Kv_Ktbpgohs,Stango,Zetterburn,ZeeBee,Kragg,Supernova 2024 Losers Finals,,2024-08-11 19:22:54+00:00
https://www.youtube.com/watch?v=pyWEkuL2EAw,Stango,Clairen,CakeAssault,Fleet,Supernova 2024 GRAND FINALS,,2024-08-11 19:24:52+00:00
https://www.youtube.com/watch?v=sXg-sOdpDHE,MSB,Kragg,TAILSEP,Wrastor,Hitfall 3,,2024-09-07 05:54:08+00:00
https://www.youtube.com/watch?v=ASUpBjwTb7g,HealsGood,Clairen,Lucius,Ranno,Hitfall 3 TOP 8,,2024-09-07 05:54:24+00:00
https://www.youtube.com/watch?v=XU87OSdNtLs,HealsGood,Clairen,elkiies,Maypul,Hitfall 3 TOP 8,,2024-09-07 05:54:31+00:00
https://www.youtube.com/watch?v=nuPo61nuccg,Kata,Loxodont,Jules,Orcane,First Attack 2024 LOSERS FINALS,,2024-10-21 19:28:00+00:00
https://www.youtube.com/watch?v=Rc3-Rakty18,Chag,Maypul,Jules,Orcane,First Attack 2024 GRAND FINALS,,2024-10-21 19:28:03+00:00
https://www.youtube.com/watch?v=d6TPC2AJ4UU,Rooster,Fleet,Kcaj,Clairen,Appalachian Flood Relief Charity,,2024-10-23 04:46:10+00:00
https://www.youtube.com/watch?v=JjgRH_ZM75w,Kcaj,Clairen,Fritzy,Orcane,Appalachian Flood Relief Charity,,2024-10-23 04:46:55+00:00
https://www.youtube.com/watch?v=EtzuRiTYv-U,Oneoutkast,Kragg,Zeusdeegoose,Zetterburn,Appalachian Flood Relief Charity,,2024-10-23 04:48:00+00:00
https://www.youtube.com/watch?v=C2f08Z-vsl4,Oneoutkast,Kragg,Hazymoss,Wrastor,Appalachian Flood Relief Charity,,2024-10-23 04:49:13+00:00
https://www.youtube.com/watch?v=E_6f5BmHyGw,ConnieCasts,Kragg,Farko,Loxodont,Appalachian Flood Relief Charity,,2024-10-23 04:50:30+00:00
https://www.youtube.com/watch?v=JXDBUsd21GI,Sleep,Orcane,Mage,Clairen,Appalachian Flood Relief Charity TOP 8,,2024-10-23 04:54:05+00:00
https://www.youtube.com/watch?v=BVXpE5gr3j0,Rooster,Fleet,ConnieCasts,Kragg,Appalachian Flood Relief Charity TOP 8,,2024-10-23 04:56:44+00:00
https://www.youtube.com/watch?v=WA0NUHF6l8k,Cob,Loxodont,ConnieCasts,Kragg,Appalachian Flood Relief Charity TOP 8,,2024-10-23 04:57:56+00:00
https://www.youtube.com/watch?v=FHhwugM081k,Rooster,Fleet,Oneoutkast,Kragg,Appalachian Flood Relief Charity WINNERS FINALS,,2024-10-23 04:59:05+00:00
https://www.youtube.com/watch?v=bjBXsBykbWc,Hazymoss,Wrastor,ConnieCasts,Kragg,Appalachian Flood Relief Charity LOSERS SEMIS,,2024-10-23 05:00:06+00:00
https://www.youtube.com/watch?v=2Zb_YpaGlNM,Rooster,Fleet,Hazymoss,Wrastor,Appalachian Flood Relief Charity LOSERS FINALS,,2024-10-23 05:03:22+00:00
https://www.youtube.com/watch?v=33IFfYnv_x4,Oneoutkast,Kragg,Hazymoss,Wrastor,Appalachian Flood Relief Charity GRAND FINALS,,2024-10-23 05:04:58+00:00
https://www.youtube.com/watch?v=tGZgZSxTA4w,CPU0,Fleet,Ant,Ranno,LMM Miami 2024,,2024-11-02 15:03:02+00:00
https://www.youtube.com/watch?v=p-Udpf92FaA,Guard,Clairen,The Government,Zetterburn,LMM Miami 2024,,2024-11-02 15:04:08+00:00
https://www.youtube.com/watch?v=Um1GpE69ZUI,Marlon,Ranno,Necro Flyer,Wrastor,LMM Miami 2024,,2024-11-02 15:10:13+00:00
https://www.youtube.com/watch?v=kmGuCLet1-M,Lucky,Forsburn,Ant,Ranno,LMM Miami 2024,,2024-11-02 15:12:05+00:00
https://www.youtube.com/watch?v=5LWtlKQoNVI,Romeo,Clairen,Fabz,Orcane,LMM Miami 2024,,2024-11-02 15:13:08+00:00
https://www.youtube.com/watch?v=hzddd9YACqk,Sinbad,Maypul,AppleWiz,Wrastor,LMM Miami 2024,,2024-11-02 15:19:27+00:00
https://www.youtube.com/watch?v=VOI7T6xKoZE,Elpe,Maypul,Anakin Skinwalker,Clairen,LMM Miami 2024,,2024-11-02 15:20:46+00:00
https://www.youtube.com/watch?v=Dhbd2nX6yPE,Marss,Ranno,Mango,Zetterburn,LMM Miami 2024,,2024-11-02 15:21:50+00:00
https://www.youtube.com/watch?v=POBLQ11pRHc,Marss,Ranno,Fabz,Orcane,LMM Miami 2024,,2024-11-02 15:22:01+00:00
https://www.youtube.com/watch?v=UiWF8Ql1nfo,Mango,Zetterburn,AFMBot,Kragg,LMM Miami 2024,,2024-11-02 15:22:05+00:00
https://www.youtube.com/watch?v=fBpcrLxvbfU,MkLeo,Forsburn,edgintheledge,Maypul,LMM Miami 2024,,2024-11-02 15:22:10+00:00
https://www.youtube.com/watch?v=xoy-GxCiNOw,Lucky,Forsburn,MkLeo,Forsburn,LMM Miami 2024,,2024-11-03 17:27:57+00:00
https://www.youtube.com/watch?v=JsyRGv_sPy4,Marss,Ranno,elpe,Maypul,LMM Miami 2024,,2024-11-03 17:30:15+00:00
https://www.youtube.com/watch?v=aFsDlVjHkcs,sinbad,Maypul,Renzo,Orcane,LMM Miami 2024,,2024-11-03 17:30:37+00:00
https://www.youtube.com/watch?v=OZEfpeLcYUE,Ant,Ranno,Renzo,Orcane,LMM Miami 2024,,2024-11-03 17:38:43+00:00
https://www.youtube.com/watch?v=qe9bGsnxFMg,Ant,Ranno,Kopter,Orcane,LMM Miami 2024 TOP 8,,2024-11-03 17:40:03+00:00
https://www.youtube.com/watch?v=SKAaCc8d7QE,Nogh,Loxodont,AppleWiz,Wrastor,LMM Miami 2024 TOP 8,,2024-11-03 17:40:10+00:00
https://www.youtube.com/watch?v=S8U_woA-p1A,sinbad,Maypul,Guard,Clairen,LMM Miami 2024 TOP 8,,2024-11-03 17:49:59+00:00
https://www.youtube.com/watch?v=WfzXIDiPPrc,MkLeo,Forsburn,elpe,Maypul,LMM Miami 2024 TOP 8,,2024-11-03 17:52:55+00:00
https://www.youtube.com/watch?v=BAVSxRpWCBM,Nogh,Loxodont,Guard,Clairen,LMM Miami 2024 TOP 8,,2024-11-03 17:57:12+00:00
https://www.youtube.com/watch?v=r3y0M3jMo68,Ant,Ranno,elpe,Maypul,LMM Miami 2024 TOP 8,,2024-11-03 17:57:41+00:00
https://www.youtube.com/watch?v=0C28Qwlw98g,MkLeo,Forsburn,sinbad,Maypul,LMM Miami 2024 WINNERS FINALS,,2024-11-03 18:12:08+00:00
https://www.youtube.com/watch?v=4vJJ4xGhcPk,Nogh,Loxodont,elpe,Maypul,LMM Miami 2024 LOSER SEMIS,,2024-11-03 18:14:26+00:00
https://www.youtube.com/watch?v=9HjvGFdAcJ0,Nogh,Loxodont,MkLeo,Forsburn,LMM Miami 2024 LOSERS FINALS,,2024-11-03 18:14:59+00:00
https://www.youtube.com/watch?v=t0QOJf320xQ,Nogh,Loxodont,sinbad,Maypul,LMM Miami 2024 GRAND FINALS,,2024-11-03 18:15:36+00:00
https://www.youtube.com/watch?v=JWn35fjupP8,drybie,Ranno,MkLeo,Forsburn,The Throne 2 TOP 8,,2024-11-09 01:07:27+00:00
https://www.youtube.com/watch?v=w6s9r2kaDAs,Marss,Ranno,Coney,Loxodont,The Throne 2 TOP 8,,2024-11-09 01:08:15+00:00
https://www.youtube.com/watch?v=38N0yhwI6sw,drybie,Ranno,Max Ketchum,Fleet,The Throne 2 TOP 8,,2024-11-09 01:09:12+00:00
https://www.youtube.com/watch?v=UfEmRP0uUss,MkLeo,Forsburn,VoiD,Forsburn,The Throne 2 WINNERS FINALS,,2024-11-09 01:10:32+00:00
https://www.youtube.com/watch?v=fivJlabY1QM,Marss,Ranno,Max Ketchum,Fleet,The Throne 2 LOSERS SEMIS,,2024-11-09 01:11:34+00:00
https://www.youtube.com/watch?v=XFCFiVn4-g4,Marss,Ranno,MkLeo,Forsburn,The Throne 2 LOSERS FINALS,,2024-11-09 01:12:48+00:00
https://www.youtube.com/watch?v=v04Gmzr3Gms,VoiD,Forsburn,Marss,Ranno,The Throne 2 GRAND FINALS,,2024-11-09 01:13:30+00:00
https://www.youtube.com/watch?v=QB-JDbaZ0nk,Glutonny,Ranno,CakeAssault,Fleet,LACS Rivals,,2024-11-24 02:34:40+00:00
https://www.youtube.com/watch?v=ZmQQ8BIUuHI,Squanto,Ranno,VoiD,Forsburn,LACS Rivals,,2024-11-24 02:37:31+00:00
https://www.youtube.com/watch?v=Up0TCKwV3D8,aMSa,Maypul,I0N,Kragg,LACS Rivals,,2024-11-24 03:36:00+00:00
https://www.youtube.com/watch?v=bcOCEwlg4q0,ZeeBee,Kragg,Hungrybox,Loxodont,LACS Rivals,,2024-11-24 03:39:02+00:00
https://www.youtube.com/watch?v=navwDeb61RY,Marss,Ranno,Leffen,Ranno,LACS Rivals,,2024-11-24 03:40:39+00:00
https://www.youtube.com/watch?v=lc0plmxkxps,Rongunshu,Clairen,Cody Schwab,Zetterburn,LACS Rivals,,2024-11-24 04:05:36+00:00
https://www.youtube.com/watch?v=1bcLD3y3j_s,Mango,Zetterburn,Mystery Sol,Fleet,LACS Rivals,,2024-11-24 04:07:42+00:00
https://www.youtube.com/watch?v=ziKxMYv2LGs,VoiD,Forsburn,Glutonny,Zetterburn,LACS Rivals,,2024-11-24 04:50:41+00:00
https://www.youtube.com/watch?v=fvLWDG0dyGg,Luck,Ranno,aMSa,Maypul,LACS Rivals,,2024-11-24 04:51:20+00:00
https://www.youtube.com/watch?v=JMHt6LIWTII,Hungrybox,Loxodont,Marss,Ranno,LACS Rivals,,2024-11-24 04:52:15+00:00
https://www.youtube.com/watch?v=DK9NeLOODHQ,Mango,Zetterburn,Rongunshu,Clairen,LACS Rivals,,2024-11-24 04:52:57+00:00
https://www.youtube.com/watch?v=yWB-JIA0FFU,CakeAssault,Fleet,Squanto,Ranno,LACS Rivals,,2024-11-24 05:14:47+00:00
https://www.youtube.com/watch?v=umZsGm1yE84,Plup,Maypul,I0N,Kragg,LACS Rivals,,2024-11-24 05:20:31+00:00
https://www.youtube.com/watch?v=SEVwgFqGjoU,Leffen,Ranno,ZeeBee,Kragg,LACS Rivals,,2024-11-24 05:49:41+00:00
https://www.youtube.com/watch?v=ODSTbDbmeJM,Cody Schwab,Zetterburn,Mystery Sol,Fleet,LACS Rivals,,2024-11-24 05:50:10+00:00
https://www.youtube.com/watch?v=nhRKyfHPm6Q,Plup,Maypul,Marss,Ranno,LACS Rivals,,2024-11-24 06:47:15+00:00
https://www.youtube.com/watch?v=IerlpNJ9lAY,Leffen,Ranno,Luck,Ranno,LACS Rivals,,2024-11-24 06:50:02+00:00
https://www.youtube.com/watch?v=_K34iioNp-Y,Cody Schwab,Zetterburn,VoiD,Forsburn,LACS Rivals,,2024-11-24 06:55:49+00:00
https://www.youtube.com/watch?v=y6JSJ9lsULY,Leffen,Ranno,VoiD,Forsburn,LACS Rivals TOP 8,,2024-11-25 03:05:48+00:00
https://www.youtube.com/watch?v=gFxTtr0ZrdE,Plup,Maypul,Rongunshu,Clairen,LACS Rivals TOP 8,,2024-11-25 03:06:02+00:00
https://www.youtube.com/watch?v=WzwVdKLKcNE,ZeeBee,Kragg,Mystery Sol,Fleet,LACS Rivals TOP 8,,2024-11-25 03:09:12+00:00
https://www.youtube.com/watch?v=4wYirfuQSdA,CakeAssault,Fleet,I0N,Kragg,LACS Rivals TOP 8,,2024-11-25 03:10:49+00:00
https://www.youtube.com/watch?v=2OmzOYA57QI,Leffen,Ranno,I0N,Kragg,LACS Rivals TOP 8,,2024-11-25 03:41:06+00:00
https://www.youtube.com/watch?v=vd8nDhDn0JU,ZeeBee,Kragg,Rongunshu,Clairen,LACS Rivals TOP 8,,2024-11-25 03:43:45+00:00
https://www.youtube.com/watch?v=jccxmIJLSIw,I0N,Kragg,ZeeBee,Kragg,LACS Rivals LOSERS SEMIS,,2024-11-25 03:48:48+00:00
https://www.youtube.com/watch?v=INh9jIIA3EY,CakeAssault,Fleet,Mystery Sol,Fleet,LACS Rivals WINNERS FINALS,,2024-11-25 03:50:43+00:00
https://www.youtube.com/watch?v=bBhkf70QbQo,Mystery Sol,Fleet,ZeeBee,Kragg,LACS Rivals LOSERS FINALS,,2024-11-25 03:52:38+00:00
https://www.youtube.com/watch?v=YPFZ3pTHpJA,Toadallytsuyu,Kragg,Hungrybox,Loxodont,Lights Out,,2024-12-02 23:32:47+00:00
https://www.youtube.com/watch?v=II5r3VwhVMw,Bbatts,Fleet,Unc1eGragas,Zetterburn,Lights Out,,2024-12-02 23:39:21+00:00
https://www.youtube.com/watch?v=5hlKmjQj1Bs,toothbrush,Ranno,Acorn,Zetterburn,Lights Out,,2024-12-02 23:42:17+00:00
https://www.youtube.com/watch?v=OTnFlNQ30UU,Applewiz,Wrastor,Mystery Sol,Fleet,Lights Out,,2024-12-02 23:44:21+00:00
https://www.youtube.com/watch?v=9cbNC5TJp8w,Adam,Kragg,Acorn,Zetterburn,Lights Out,,2024-12-02 23:55:36+00:00
https://www.youtube.com/watch?v=EGGpl--vauA,toothbrush,Ranno,Bbatts,Fleet,Lights Out TOP 8,,2024-12-02 23:59:18+00:00
https://www.youtube.com/watch?v=gjpthPiVQbY,Lucio,Zetterburn,Adam,Kragg,Lights Out TOP 8,,2024-12-03 00:02:09+00:00
https://www.youtube.com/watch?v=bNrrwiTgSCo,BioBirb,Wrastor,toothbrush,Ranno,Lights Out TOP 8,,2024-12-03 00:04:10+00:00
https://www.youtube.com/watch?v=13XqceNHFv8,AppleWiz,Wrastor,Lucio,Zetterburn,Lights Out TOP 8,,2024-12-03 00:07:03+00:00
https://www.youtube.com/watch?v=El8YbXRX2Tw,BioBirb,Wrastor,AppleWiz,Wrastor,Lights Out LOSERS SEMIS,,2024-12-03 00:09:31+00:00
https://www.youtube.com/watch?v=k-qJ1AaTmGc,BioBirb,Wrastor,I0N,Kragg,Lights Out,,2024-12-03 00:43:50+00:00
https://www.youtube.com/watch?v=pA8yyQR0O0A,VoiD,Forsburn,Stango,Kragg,Lights Out,,2024-12-03 00:45:14+00:00
https://www.youtube.com/watch?v=o_9d9qfw-Bk,BioBirb,Kragg,Stango,Kragg,Lights Out TOP 8,,2024-12-03 00:55:29+00:00
https://www.youtube.com/watch?v=F7xx3zDotx4,Nogh,Loxodont,Luck,Ranno,Lights Out TOP 8,,2024-12-03 01:02:05+00:00
https://www.youtube.com/watch?v=zugNXB2r3vc,VoiD,Forsburn,I0N,Kragg,Lights Out TOP 8,,2024-12-03 01:03:30+00:00
https://www.youtube.com/watch?v=0yO0ipxDK5I,Nogh,Loxodont,VoiD,Forsburn,Lights Out TOP 8,,2024-12-03 01:08:26+00:00
https://www.youtube.com/watch?v=RhQfT1f22iA,BioBirb,Wrastor,Luck,Ranno,Lights Out WINNERS FINALS,,2024-12-03 01:12:00+00:00
https://www.youtube.com/watch?v=Wn2uGTa8RQQ,Stango,Kragg,Nogh,Loxodont,Lights Out LOSERS SEMIS,,2024-12-03 01:13:38+00:00
https://www.youtube.com/watch?v=UT_ikuWfawk,Stango,Kragg,Luck,Ranno,Lights Out GRAND FINALS,,2024-12-03 01:15:17+00:00
https://www.youtube.com/watch?v=wwkeFQNb1bc,Nurse,Clairen,Mirai,Kragg,Platfight 2024,,2024-12-15 00:00:00+00:00
https://www.youtube.com/watch?v=efc0BzoAnXA,Ant,Ranno,AppleWiz,Wrastor,Platfight 2024,,2024-12-15 00:00:00+00:00
https://www.youtube.com/watch?v=7i9my6KDvos,CakeAssault,Forsburn,Kero,Loxodont,Platfight 2024,,2024-12-15 00:00:00+00:00
https://www.youtube.com/watch?v=yg-KS0og5WA,Nogh,Loxodont,CheesyPotato,Kragg,Platfight 2024,,2024-12-15 00:00:00+00:00
https://www.youtube.com/watch?v=2IaJxq140HY,Mystery Sol,Fleet,Acorn,Zetterburn,Platfight 2024,,2024-12-15 00:00:00+00:00
https://www.youtube.com/watch?v=NH_DCc9w9tM,Soulrifle211,Forsburn,Cody Schwab,Zetterburn,Platfight 2024,,2024-12-15 00:00:00+00:00
https://www.youtube.com/watch?v=KeRAk-PxXNA,CakeAssault,Forsburn,Nogh,Loxodont,Platfight 2024,,2024-12-15 00:00:00+00:00
https://www.youtube.com/watch?v=FeDxUgKduSc,Nogh,Loxodont,Cody Schwab,Zetterburn,Platfight 2024,,2024-12-15 00:00:00+00:00
https://www.youtube.com/watch?v=IV2RVIgKgKM,Wai,Ranno,OffBeat,Maypul,Platfight 2024,,2024-12-15 12:24:09+00:00
https://www.youtube.com/watch?v=eKhu6mwQPwg,TAS,Maypul,Koji,Maypul,Platfight 2024,,2024-12-15 12:24:34+00:00
https://www.youtube.com/watch?v=oHlmR4w-G4s,Soulrifle211,Forsburn,TAS,Maypul,Platfight 2024,,2024-12-15 12:28:04+00:00
https://www.youtube.com/watch?v=5ggKDUZ4Y2s,ZeeBee,Kragg,Shiv,Loxodont,Platfight 2024,,2024-12-15 12:33:00+00:00
https://www.youtube.com/watch?v=kFW2f718c6o,Shiv,Loxodont,Ant,Ranno,Platfight 2024,,2024-12-15 12:35:00+00:00
https://www.youtube.com/watch?v=3X9DdQKwR_M,Luck,Ranno,sinbad,Maypul,Platfight 2024,,2024-12-15 12:35:04+00:00
https://www.youtube.com/watch?v=SpMoZcAmchs,Luck,Ranno,Cherche,Maypul,Platfight 2024,,2024-12-15 12:36:31+00:00
https://www.youtube.com/watch?v=G5qPQzqfqcY,Stango,Kragg,Guard,Clairen,Platfight 2024,,2024-12-15 12:37:20+00:00
https://www.youtube.com/watch?v=oxxc7I651K4,Stango,Kragg,Switch,Zetterburn,Platfight 2024,,2024-12-15 12:38:44+00:00
https://www.youtube.com/watch?v=MhR6j-sxH2o,Switch,Zetterburn,sinbad,Maypul,Platfight 2024,,2024-12-15 12:39:21+00:00
https://www.youtube.com/watch?v=EWdLVv1uFVA,Switch,Zetterburn,ZeeBee,Kragg,Platfight 2024,,2024-12-15 12:40:41+00:00
https://www.youtube.com/watch?v=tFaAb9FW-e8,Luck,Ranno,Mystery Sol,Fleet,Platfight 2024,,2024-12-15 12:43:29+00:00
https://www.youtube.com/watch?v=OgWkmYuJQ_4,Soulrifle211,Forsburn,Ant,Ranno,Platfight 2024,,2024-12-15 12:44:30+00:00
https://www.youtube.com/watch?v=M16BMWfF5rk,Ant,Ranno,nard,Clairen,Platfight 2024,,2024-12-15 12:46:46+00:00
https://www.youtube.com/watch?v=Xg2QnE-p71M,Switch,Zetterburn,Ant,Ranno,Platfight 2024,,2024-12-16 01:13:16+00:00
https://www.youtube.com/watch?v=qavWFuBD_Vk,Luck,Ranno,Cody Schwab,Zetterburn,Platfight 2024,,2024-12-16 01:13:46+00:00
https://www.youtube.com/watch?v=NJ6Tsq_jtA0,CakeAssault,Forsburn,Mystery Sol,Fleet,Platfight 2024,,2024-12-16 01:17:30+00:00
https://www.youtube.com/watch?v=aNOtnPztUQg,Stango,Zetterburn,Soulrifle211,Forsburn,Platfight 2024,,2024-12-16 02:04:25+00:00
https://www.youtube.com/watch?v=rBLiCkF0kgw,Mystery Sol,Fleet,Ant,Ranno,Platfight 2024,,2024-12-16 02:14:21+00:00
https://www.youtube.com/watch?v=5644ABumEr0,Soulrifle211,Forsburn,Cody Schwab,Zetterburn,Platfight 2024,,2024-12-16 02:43:13+00:00
https://www.youtube.com/watch?v=nhPF30q5btQ,CakeAssault,Forsburn,Stango,Zetterburn,Platfight 2024,,2024-12-16 02:50:44+00:00
https://www.youtube.com/watch?v=xXlnNwkvjPs,Soulrifle211,Forsburn,Ant,Ranno,Platfight 2024,,2024-12-16 02:56:57+00:00
https://www.youtube.com/watch?v=mi4YZnBebjc,Soulrifle211,Forsburn,Stango,Zetterburn,Platfight 2024,,2024-12-16 03:21:27+00:00
https://www.youtube.com/watch?v=2VaZCzINzvw,CakeAssault,Forsburn,Stango,Zetterburn,Platfight 2024,,2024-12-16 03:33:29+00:00
https://www.youtube.com/watch?v=Dxd_vAD0mwI,Darai,Ranno,FD,Orcane,GX2,,2025-02-27 02:16:53+00:00
https://www.youtube.com/watch?v=DNTDyKHXYmk,ZeeBee,Kragg,Ryzuul,Maypul,GX2,,2025-02-27 02:16:53+00:00
https://www.youtube.com/watch?v=AcHME8Pk_xk,Asashi,Zetterburn,SoulRifle211,Forsburn,GX2,,2025-02-27 02:16:53+00:00
https://www.youtube.com/watch?v=6OdjKDud6wY,elkiies,Maypul,Lucius,Ranno,GX2,,2025-02-27 02:16:53+00:00
https://www.youtube.com/watch?v=-J2EFqXSF18,Seelder,Fleet,Asashi,Clairen,GX2,,2025-02-27 02:16:53+00:00
https://www.youtube.com/watch?v=4-OiFDrm3o8,Junebug,Ranno,Ivayne,Zetterburn,GX2,,2025-02-27 02:16:53+00:00
https://www.youtube.com/watch?v=KXP-zxb6h4Q,BBatts,Fleet,Marlon,Orcane,GX2,,2025-02-27 02:16:53+00:00
https://www.youtube.com/watch?v=1pAGXkS6n0I,Gengur,Clairen,Beastly,Zetterburn,GX2,,2025-02-27 02:16:53+00:00
https://www.youtube.com/watch?v=AZgR-GiiRAM,ThrownOrc,Wrastor,Glum,Clairen,GX2,,2025-02-27 02:16:53+00:00
https://www.youtube.com/watch?v=HCvDzOMKzQU,BBatts,Fleet,CheesyPotato,Kragg,GX2,,2025-02-27 02:16:53+00:00
https://www.youtube.com/watch?v=WEI_FhVyk04,Darai,Ranno,ZeeBee,Kragg,GX2,,2025-02-27 02:16:55+00:00
https://www.youtube.com/watch?v=doZcCfzmBuk,Junebug,Ranno,SoulRifle211,Forsburn,GX2,,2025-02-27 02:16:55+00:00
https://www.youtube.com/watch?v=QSQfOUOwFso,HKP,Zetterburn,CakeAssault,Forsburn,GX2,,2025-02-27 02:16:55+00:00
https://www.youtube.com/watch?v=Nk4-1-JFPTs,Gengur,Clairen,Lucio,Zetterburn,GX2,,2025-02-27 02:16:55+00:00
https://www.youtube.com/watch?v=kGmvBat4qcw,BioBirb,Wrastor,PKay,Kragg,GX2,,2025-02-27 02:16:55+00:00
https://www.youtube.com/watch?v=pFrd6NvipUg,SolarBeam,Loxodont,Potatoes,Loxodont,GX2,,2025-02-27 02:16:55+00:00
https://www.youtube.com/watch?v=hasa-Pp2oIo,Rakai,Forsburn,Beastly,Zetterburn,GX2,,2025-02-27 02:16:55+00:00
https://www.youtube.com/watch?v=RD1W0ToiY5U,BBatts,Fleet,Beastly,Zetterburn,GX2,,2025-02-27 02:16:55+00:00
https://www.youtube.com/watch?v=YHAWVkX5_G0,Seelder,Fleet,I0N,Kragg,GX2,,2025-02-27 02:16:55+00:00
https://www.youtube.com/watch?v=S134iMEpu9o,Plup,Maypul,SoulRifle211,Forsburn,GX2,,2025-02-27 02:16:55+00:00
https://www.youtube.com/watch?v=ti81WJSgt54,Pkay,Kragg,Glum,Clairen,GX2,,2025-02-27 02:16:56+00:00
https://www.youtube.com/watch?v=vLvZ6hvxMzU,Stango,Loxodont,Evil Nardwuar,Zetterburn,GX2,,2025-02-27 02:16:56+00:00
https://www.youtube.com/watch?v=zrxRCwcK7Sc,Rakai,Wrastor,Asashi,Clairen,GX2,,2025-02-27 02:16:57+00:00
https://www.youtube.com/watch?v=9xwYy0t4idE,Tandori,Maypul,TBGG,Fleet,GX2,,2025-02-28 07:18:30+00:00
https://www.youtube.com/watch?v=bbe1_sjhSjs,Tandori,Maypul,MKBigBoss,Ranno,GX2,,2025-02-28 07:19:27+00:00
https://www.youtube.com/watch?v=XT9WXdceal4,ColeChel,Maypul,Wisely,Forsburn,GX2,,2025-02-28 07:23:14+00:00
https://www.youtube.com/watch?v=s3PXoBEEIyY,Brosa,Clairen,Elkiies,Maypul,GX2,,2025-02-28 07:24:10+00:00
https://www.youtube.com/watch?v=IX63fjASCjY,MTEB,Clairen,Goatcheese,Kragg,GX2,,2025-02-28 07:26:25+00:00
https://www.youtube.com/watch?v=33mRjb5hUJ0,Urf,Forsburn,CalmChowder,Kragg,GX2,,2025-02-28 07:31:09+00:00
https://www.youtube.com/watch?v=gucqygQwUDo,Tummy,Ranno,Setho,Orcane,GX2,,2025-02-28 07:35:03+00:00
https://www.youtube.com/watch?v=cxX85L68cgk,Monchie,Loxodont,CheesyPotato,Kragg,GX2,,2025-02-28 07:36:51+00:00
https://www.youtube.com/watch?v=Vy0Ia_IL4zk,CheesyPotato,Kragg,Garreyy,Forsburn,GX2,,2025-02-28 07:38:47+00:00
https://www.youtube.com/watch?v=DcUwNcbzQ8s,Spyker,Forsburn,d4nace,Maypul,GX2,,2025-02-28 07:44:42+00:00
https://www.youtube.com/watch?v=ypQfQI0ZBhg,Potion,Loxodont,Gonzo,Maypul,GX2,,2025-02-28 07:45:37+00:00
https://www.youtube.com/watch?v=c3JM1twcMc8,Goose,Zetterburn,d4nace,Maypul,GX2,,2025-02-28 07:47:59+00:00
https://www.youtube.com/watch?v=JO0H0NskU9w,Goose,Zetterburn,Baninawi,Kragg,GX2,,2025-02-28 07:48:56+00:00
https://www.youtube.com/watch?v=YqcVdc_ZQ4k,Rocky,Wrastor,Salt,Zetterburn,GX2,,2025-02-28 07:50:39+00:00
https://www.youtube.com/watch?v=v5ETisPhAyQ,Sophilo,Zetterburn,SpookyGhost,Kragg,GX2,,2025-02-28 07:53:51+00:00
https://www.youtube.com/watch?v=H0OzBJsSKEg,ThreeLeggedDog,Kragg,Wizlore,Zetterburn,GX2,,2025-02-28 08:04:17+00:00
https://www.youtube.com/watch?v=MHsBmvz2rho,Dauzen,Ranno,Clockwork,Clairen,GX2,,2025-02-28 08:06:28+00:00
https://www.youtube.com/watch?v=W4ZnOS1YWDs,Qwil,Ranno,Clockwork,Clairen,GX2,,2025-02-28 08:07:49+00:00
https://www.youtube.com/watch?v=qADKSqOGIK4,Tarul,Kragg,Always,Clairen,GX2,,2025-02-28 08:08:58+00:00
https://www.youtube.com/watch?v=MPRvJhKufpY,Samasicus,Wrastor,Always,Ranno,GX2,,2025-02-28 08:10:10+00:00
https://www.youtube.com/watch?v=xsNW__l2lzY,Jeeemt,Zetterburn,Clockwork,Clairen,GX2,,2025-02-28 08:11:07+00:00
https://www.youtube.com/watch?v=Qj_qUHZsY2w,Potatoes,Loxodont,PKAY,Kragg,GX2,,2025-02-28 08:17:12+00:00
https://www.youtube.com/watch?v=j-Z4wgUZVAg,Pikmon,Forsburn,CheesyPotato,Kragg,GX2,,2025-02-28 08:18:53+00:00
https://www.youtube.com/watch?v=5XbZ2B0oIKs,Wylie,Ranno,Potatoes,Loxodont,GX2,,2025-02-28 08:19:17+00:00
https://www.youtube.com/watch?v=F_z8kfZn6iI,PKAY,Kragg,Elkiies,Maypul,GX2,,2025-02-28 08:21:59+00:00
